Country,years,TotalArrivals,overnightStay,SameDay
Andorra,1995,0,0,0
Andorra,1996,0,0,0
Andorra,1997,0,0,0
Andorra,1998,0,0,0
Andorra,1999,9422000,2347000,7075000
Andorra,2000,10991000,2949000,8042000
Andorra,2001,11351000,3516000,7835000
Andorra,2002,11507000,3387000,8120000
Andorra,2003,11601000,3138000,8463000
Andorra,2004,11668000,2791000,8877000
Andorra,2005,11049000,2418000,8631000
Andorra,2006,10737000,2227000,8510000
Andorra,2007,10743000,2189000,8554000
Andorra,2008,10194000,2059000,8134000
Andorra,2009,9112000,1830000,7282000
Andorra,2010,8551000,1808000,6743000
Andorra,2011,7983000,2242000,5741000
Andorra,2012,7900000,2238000,5663000
Andorra,2013,7676000,2328000,5348000
Andorra,2014,7797000,2363000,5433000
Andorra,2015,7850000,2663000,5187000
Andorra,2016,8025000,2819000,5206000
Andorra,2017,8152000,3003000,5149000
Andorra,2018,8328000,3042000,5286000
Andorra,2019,8235000,3090000,5145000
Bermuda,1995,557000,387000,170000
Bermuda,1996,570000,390000,182000
Bermuda,1997,562000,380000,182000
Bermuda,1998,558000,370000,188000
Bermuda,1999,549000,355000,194000
Bermuda,2000,539000,332000,207000
Bermuda,2001,458000,278000,180000
Bermuda,2002,484000,284000,200000
Bermuda,2003,483000,257000,226000
Bermuda,2004,478000,272000,206000
Bermuda,2005,517000,270000,247000
Bermuda,2006,635000,299000,336000
Bermuda,2007,660000,306000,354000
Bermuda,2008,550000,264000,286000
Bermuda,2009,554000,236000,318000
Bermuda,2010,580000,232000,348000
Bermuda,2011,652000,236000,416000
Bermuda,2012,610000,232000,378000
Bermuda,2013,576000,236000,340000
Bermuda,2014,580000,224000,356000
Bermuda,2015,597000,220000,377000
Bermuda,2016,642000,244000,398000
Bermuda,2017,688000,270000,418000
Bermuda,2018,766000,282000,484000
Bermuda,2019,805000,269000,536000
Cyprus,1995,2253000,2100000,153000
Cyprus,1996,2089000,1950000,139000
Cyprus,1997,2194000,2088000,106000
Cyprus,1998,2357000,2223000,134000
Cyprus,1999,2578000,2434000,143000
Cyprus,2000,2912000,2686000,226000
Cyprus,2001,2841000,2697000,144000
Cyprus,2002,2495000,2418000,77000
Cyprus,2003,2416000,2303000,113000
Cyprus,2004,2478000,2349000,129000
Cyprus,2005,2657000,2470000,187000
Cyprus,2006,2629000,2401000,228000
Cyprus,2007,2671000,2416000,255000
Cyprus,2008,2631000,2404000,227000
Cyprus,2009,2370000,2141000,229000
Cyprus,2010,2450000,2173000,277000
Cyprus,2011,2626000,2392000,234000
Cyprus,2012,2635000,2465000,170000
Cyprus,2013,2626000,2405000,221000
Cyprus,2014,2558000,2441000,147000
Cyprus,2015,2780000,2659000,121000
Cyprus,2016,3286000,3187000,100000
Cyprus,2017,3750000,3652000,98000
Cyprus,2018,4024000,3939000,85000
Cyprus,2019,4117000,3977000,140000
Czech Republic,1995,0,3381000,0
Czech Republic,1996,0,4558000,0
Czech Republic,1997,0,4976000,0
Czech Republic,1998,0,5482000,0
Czech Republic,1999,0,5610000,0
Czech Republic,2000,0,4773000,0
Czech Republic,2001,0,5405000,0
Czech Republic,2002,0,4743000,0
Czech Republic,2003,20108000,7641000,12467000
Czech Republic,2004,23808000,9047000,14761000
Czech Republic,2005,24747000,9404000,15343000
Czech Republic,2006,25102000,9539000,15564000
Czech Republic,2007,22625000,9370000,13255000
Czech Republic,2008,21850000,9373000,12477000
Czech Republic,2009,23285000,8848000,14437000
Czech Republic,2010,21941000,8629000,13312000
Czech Republic,2011,22810000,9019000,13792000
Czech Republic,2012,25750000,10123000,15627000
Czech Republic,2013,26332000,10300000,16032000
Czech Republic,2014,27166000,10649000,16518000
Czech Republic,2015,29604000,11619000,17985000
Czech Republic,2016,32519000,12808000,19711000
Czech Republic,2017,34701000,13665000,21036000
Czech Republic,2018,36268000,14282600,21985900
Czech Republic,2019,0,0,0
Denmark,1995,0,0,0
Denmark,1996,0,2125000,0
Denmark,1997,0,2158000,0
Denmark,1998,0,2073000,0
Denmark,1999,0,2023000,0
Denmark,2000,0,3535000,0
Denmark,2001,0,3684000,0
Denmark,2002,0,3436000,0
Denmark,2003,21119000,3474000,17645000
Denmark,2004,22054000,4421000,17633000
Denmark,2005,26927000,9178000,17749000
Denmark,2006,26936000,9256000,17680000
Denmark,2007,27138000,9284000,17854000
Denmark,2008,26870000,9016000,17854000
Denmark,2009,26571000,8547000,18024000
Denmark,2010,26730000,8744000,17986000
Denmark,2011,25811000,7864000,17947000
Denmark,2012,26402000,8443000,17959000
Denmark,2013,26516000,8557000,17959000
Denmark,2014,28070000,10267000,17803000
Denmark,2015,28209000,10424000,17785000
Denmark,2016,28692000,10781000,17911000
Denmark,2017,30736000,12426000,18310000
Denmark,2018,30801000,12749000,18052000
Denmark,2019,32903000,14573000,18330000
Dominican Republic,1995,1806000,1776000,30000
Dominican Republic,1996,2037000,1926000,111000
Dominican Republic,1997,2482000,2211000,271000
Dominican Republic,1998,2702000,2309000,393000
Dominican Republic,1999,2932000,2649000,283000
Dominican Republic,2000,3161000,2978000,183000
Dominican Republic,2001,3090000,2882000,208000
Dominican Republic,2002,3058000,2811000,247000
Dominican Republic,2003,3680000,3282000,398000
Dominican Republic,2004,3907000,3450000,457000
Dominican Republic,2005,3981000,3691000,290000
Dominican Republic,2006,4268000,3965000,303000
Dominican Republic,2007,4365000,3980000,385000
Dominican Republic,2008,4455000,3980000,475000
Dominican Republic,2009,4489000,3992000,497000
Dominican Republic,2010,4478000,4125000,353000
Dominican Republic,2011,4654000,4306000,348000
Dominican Republic,2012,4901000,4563000,338000
Dominican Republic,2013,5114000,4690000,424000
Dominican Republic,2014,5576000,5141400,435000
Dominican Republic,2015,6129000,5600000,529000
Dominican Republic,2016,6769000,5959300,809000
Dominican Republic,2017,7296000,6188000,1108000
Dominican Republic,2018,7551000,6569000,982000
Dominican Republic,2019,7550000,6446000,1104000
Greece,1995,10712000,10130000,582000
Greece,1996,9782000,9233000,549000
Greece,1997,10588000,10070000,518000
Greece,1998,11364000,10916000,448000
Greece,1999,12606000,12164000,442000
Greece,2000,13567000,13096000,472000
Greece,2001,14678000,14057000,621000
Greece,2002,14918000,14180000,738000
Greece,2003,14785000,13969000,815000
Greece,2004,14268000,13313000,955000
Greece,2005,15938000,14765000,1173000
Greece,2006,17284000,16039000,1245000
Greece,2007,0,16165000,0
Greece,2008,0,15939000,0
Greece,2009,0,14915000,0
Greece,2010,0,15007000,0
Greece,2011,0,16427000,0
Greece,2012,0,15518000,0
Greece,2013,20112000,17920000,2192000
Greece,2014,24272000,22033000,2239000
Greece,2015,26114000,23599000,2515000
Greece,2016,28071000,24799000,3271000
Greece,2017,30161000,27194000,2967000
Greece,2018,33072000,30123000,2949000
Greece,2019,34005000,31348400,2656200
Hong Kong - China,1995,10200000,0,5000
Hong Kong - China,1996,12974000,0,7000
Hong Kong - China,1997,11273000,0,8000
Hong Kong - China,1998,10160000,7137000,3023000
Hong Kong - China,1999,11328000,7837000,3492000
Hong Kong - China,2000,13059000,8814000,4246000
Hong Kong - China,2001,13725000,8878000,4847000
Hong Kong - China,2002,16566000,10689000,5878000
Hong Kong - China,2003,15537000,9676000,5861000
Hong Kong - China,2004,21811000,13655000,8156000
Hong Kong - China,2005,23359000,14773000,8586000
Hong Kong - China,2006,25251000,15821000,9430000
Hong Kong - China,2007,28169000,17154000,11015000
Hong Kong - China,2008,29507000,17319000,12187000
Hong Kong - China,2009,29591000,16926000,12665000
Hong Kong - China,2010,36030000,20085000,15945000
Hong Kong - China,2011,41921000,22316000,19605000
Hong Kong - China,2012,48615000,23770000,24845000
Hong Kong - China,2013,54299000,25661000,28638000
Hong Kong - China,2014,60839000,27770000,33068400
Hong Kong - China,2015,59308000,26686000,32622000
Hong Kong - China,2016,56655000,26553000,30102000
Hong Kong - China,2017,58472000,27884000,30588000
Hong Kong - China,2018,65148000,29263000,35885000
Hong Kong - China,2019,55913000,23752000,32160000
Hungary,1995,39240000,2878000,0
Hungary,1996,39833000,2979000,0
Hungary,1997,37315000,2887000,0
Hungary,1998,33624000,2871000,0
Hungary,1999,28803000,2789000,0
Hungary,2000,31141000,2992000,0
Hungary,2001,30679000,3070000,0
Hungary,2002,31739000,3013000,0
Hungary,2003,31412000,2948000,0
Hungary,2004,33934000,12212000,21722000
Hungary,2005,36173000,9979000,26194000
Hungary,2006,38318000,9259000,29059000
Hungary,2007,39379000,8638000,30741000
Hungary,2008,39554000,8814000,30740000
Hungary,2009,40624000,9058000,31565000
Hungary,2010,39904000,9510000,30394000
Hungary,2011,41304000,10250000,31054000
Hungary,2012,43565000,10353000,33212000
Hungary,2013,43611000,10624000,32987000
Hungary,2014,45984000,12140000,33844000
Hungary,2015,48345000,14316000,34029000
Hungary,2016,52890000,15255000,37635000
Hungary,2017,54962000,15785000,39176000
Hungary,2018,57667000,17552000,40115000
Hungary,2019,61397000,16937000,44460000
Iceland,1995,211000,190000,21000
Iceland,1996,223000,201000,22000
Iceland,1997,223000,202000,21000
Iceland,1998,255000,232000,23000
Iceland,1999,281000,263000,18000
Iceland,2000,328000,303000,25000
Iceland,2001,329000,301000,28000
Iceland,2002,315000,285000,30000
Iceland,2003,348000,317000,31000
Iceland,2004,405000,360000,45000
Iceland,2005,429000,374000,55000
Iceland,2006,477000,422000,55000
Iceland,2007,539000,485000,54000
Iceland,2008,561000,502000,59000
Iceland,2009,563000,494000,69000
Iceland,2010,559000,489000,70000
Iceland,2011,628000,566000,63000
Iceland,2012,765000,673000,92000
Iceland,2013,900000,807300,92400
Iceland,2014,1102000,997000,104800
Iceland,2015,1389000,1289000,100000
Iceland,2016,1891000,1792000,99000
Iceland,2017,2353000,2225000,128000
Iceland,2018,2488000,2343800,144700
Iceland,2019,2202000,2013000,189000
Italy,1995,55706000,31052000,24654000
Italy,1996,59805000,34080000,25726000
Italy,1997,57998000,34692000,23306000
Italy,1998,58499000,34933000,23567000
Italy,1999,59521000,36516000,23005000
Italy,2000,62702000,41181000,21522000
Italy,2001,60960000,39563000,21397000
Italy,2002,63561000,39799000,23762000
Italy,2003,63026000,39604000,23422000
Italy,2004,58480000,37071000,21409000
Italy,2005,59230000,36513000,22717000
Italy,2006,66353000,41058000,25295000
Italy,2007,70271000,43654000,26617000
Italy,2008,70719000,42734000,27985000
Italy,2009,71692000,43239000,28453000
Italy,2010,73225000,43626000,29599000
Italy,2011,75866000,46119000,29747000
Italy,2012,76293000,46360000,29933000
Italy,2013,76762000,47704000,29058000
Italy,2014,77694000,48576000,29118000
Italy,2015,81068000,50732000,30336000
Italy,2016,84925000,52372000,32552000
Italy,2017,89931000,58253000,31678000
Italy,2018,93228600,61567200,31661400
Italy,2019,95399000,64513000,30886000
Latvia,1995,1633000,539000,0
Latvia,1996,1750000,565000,1148000
Latvia,1997,1842000,635000,1189000
Latvia,1998,1788000,576000,1225000
Latvia,1999,1738000,544000,1174000
Latvia,2000,1882000,509000,1405000
Latvia,2001,2061000,591000,1448000
Latvia,2002,2297000,848000,1425000
Latvia,2003,2524000,971000,1499000
Latvia,2004,3127000,1079000,1954000
Latvia,2005,3791000,1116000,2658000
Latvia,2006,4649000,1535000,3109000
Latvia,2007,5209000,1653000,3583000
Latvia,2008,5496000,1684000,3812000
Latvia,2009,4727000,1323000,3404000
Latvia,2010,5042000,1373000,3669000
Latvia,2011,5538000,1493000,4045000
Latvia,2012,5569000,1435000,4134000
Latvia,2013,5822000,1536000,4286000
Latvia,2014,6246000,1843000,4403000
Latvia,2015,6842000,2024000,4818000
Latvia,2016,6797000,1793000,5004000
Latvia,2017,7726000,1949000,5777000
Latvia,2018,7775000,1946000,5829000
Latvia,2019,8342000,1935000,6408000
New Zealand,1995,1409000,0,0
New Zealand,1996,1529000,0,0
New Zealand,1997,1497000,0,0
New Zealand,1998,1485000,1475000,10000
New Zealand,1999,1607000,1596000,11000
New Zealand,2000,1787000,1780000,7000
New Zealand,2001,1909000,1900000,9000
New Zealand,2002,2045000,2026000,19000
New Zealand,2003,2104000,2086000,18000
New Zealand,2004,2334000,2325000,9000
New Zealand,2005,2366000,2353000,13000
New Zealand,2006,2409000,2390000,19000
New Zealand,2007,2455000,2434000,21000
New Zealand,2008,2483000,2371000,112000
New Zealand,2009,2473000,2373000,100000
New Zealand,2010,2530000,2435000,95000
New Zealand,2011,2617000,2511000,105000
New Zealand,2012,2574000,2473000,101000
New Zealand,2013,2710000,2629000,81000
New Zealand,2014,2854000,2772000,82000
New Zealand,2015,3129000,3039000,90000
New Zealand,2016,3494000,3370000,124000
New Zealand,2017,3723000,3555000,168000
New Zealand,2018,3858000,3686000,172000
New Zealand,2019,3888000,3702000,186000
Saudi Arabia ,1995,4398000,3325000,0
Saudi Arabia ,1996,0,0,0
Saudi Arabia ,1997,0,0,0
Saudi Arabia ,1998,0,0,0
Saudi Arabia ,1999,0,0,0
Saudi Arabia ,2000,0,6585000,0
Saudi Arabia ,2001,0,6727000,0
Saudi Arabia ,2002,0,7511000,0
Saudi Arabia ,2003,0,7332000,0
Saudi Arabia ,2004,11083000,8599000,2484000
Saudi Arabia ,2005,10417000,8037000,2380000
Saudi Arabia ,2006,10962000,8620000,2342000
Saudi Arabia ,2007,13479000,11531000,1948000
Saudi Arabia ,2008,17717000,14757000,2960000
Saudi Arabia ,2009,13319000,10897000,2422000
Saudi Arabia ,2010,13025000,10850000,2175000
Saudi Arabia ,2011,15776000,14179000,1597000
Saudi Arabia ,2012,19847000,16332000,3515000
Saudi Arabia ,2013,19934000,15772000,4162000
Saudi Arabia ,2014,23010000,18260000,4750000
Saudi Arabia ,2015,21834000,17994000,3840000
Saudi Arabia ,2016,20887000,18044000,2843000
Saudi Arabia ,2017,18607000,16109000,2498000
Saudi Arabia ,2018,17570000,15334000,2236000
Saudi Arabia ,2019,20292000,17526000,2767000
Spain,1995,52460000,32971000,19489000
Spain,1996,55077000,34027000,21050000
Spain,1997,62415000,39553000,22862000
Spain,1998,68068000,41892000,26176000
Spain,1999,72040000,45440000,26599000
Spain,2000,74580000,46403000,28177000
Spain,2001,75564000,48565000,26998000
Spain,2002,79313000,50331000,28983000
Spain,2003,82326000,50854000,31472000
Spain,2004,85981000,52430000,33551000
Spain,2005,92563000,55914000,36649000
Spain,2006,96152000,58004000,38148000
Spain,2007,98907000,58666000,40241000
Spain,2008,97670000,57192000,40478000
Spain,2009,91899000,52178000,39722000
Spain,2010,93744000,52677000,41067000
Spain,2011,99187000,56177000,43010000
Spain,2012,98128000,57464000,40664000
Spain,2013,103231000,60675000,42555000
Spain,2014,107144000,64939000,42206000
Spain,2015,109834000,68175000,41659000
Spain,2016,115561000,75315000,40246000
Spain,2017,121717000,81869000,39849000
Spain,2018,124456000,82808000,41647000
Spain,2019,126170000,83509000,42661000
Sri Lanka,1995,414000,403000,11000
Sri Lanka,1996,315000,302000,13000
Sri Lanka,1997,384000,366000,18000
Sri Lanka,1998,409000,381000,28000
Sri Lanka,1999,465000,436000,28000
Sri Lanka,2000,445000,400000,45000
Sri Lanka,2001,397000,337000,60000
Sri Lanka,2002,457000,393000,64000
Sri Lanka,2003,583000,501000,82000
Sri Lanka,2004,681000,566000,115000
Sri Lanka,2005,669000,549000,120000
Sri Lanka,2006,689000,560000,129000
Sri Lanka,2007,592000,494000,98000
Sri Lanka,2008,526000,438000,88000
Sri Lanka,2009,538000,448000,90000
Sri Lanka,2010,766000,654000,112000
Sri Lanka,2011,976000,856000,120000
Sri Lanka,2012,1133000,1006000,127000
Sri Lanka,2013,1415000,1275000,140000
Sri Lanka,2014,1665000,1527000,138000
Sri Lanka,2015,1993000,1798000,195000
Sri Lanka,2016,2168000,2051000,117000
Sri Lanka,2017,2248000,2116400,131400
Sri Lanka,2018,2521000,2334000,187000
Sri Lanka,2019,2027000,1914000,113000
Turkey,1995,7727000,7083000,644000
Turkey,1996,8614000,7966000,648000
Turkey,1997,9689000,9040000,649000
Turkey,1998,9753000,8960000,793000
Turkey,1999,7487000,6893000,594000
Turkey,2000,10428000,9586000,842000
Turkey,2001,11619000,10783000,836000
Turkey,2002,13256000,12790000,466000
Turkey,2003,14030000,13341000,689000
Turkey,2004,17517000,16826000,691000
Turkey,2005,21125000,20273000,852000
Turkey,2006,19820000,18916000,903000
Turkey,2007,27215000,26122000,1093000
Turkey,2008,31138000,29792000,1346000
Turkey,2009,31760000,30187000,1573000
Turkey,2010,32997000,31364000,1633000
Turkey,2011,36769000,34654000,2115000
Turkey,2012,37715000,35698000,2017000
Turkey,2013,39861000,37795000,2066000
Turkey,2014,41627000,39811000,1816000
Turkey,2015,41114000,39478000,1636000
Turkey,2016,30907000,30289000,618000
Turkey,2017,37970000,37601000,369000
Turkey,2018,46113000,45768000,345000
Turkey,2019,51747000,51192000,555000
Ukraine,1995,6127000,3716000,2411000
Ukraine,1996,6750000,3854000,2896000
Ukraine,1997,14743000,7558000,7185000
Ukraine,1998,12003000,6208000,5795000
Ukraine,1999,10990000,4232000,6758000
Ukraine,2000,11691000,6431000,5260000
Ukraine,2001,11877000,9174000,2703000
Ukraine,2002,12793000,10517000,2276000
Ukraine,2003,15161000,12514000,2647000
Ukraine,2004,18583000,15629000,2954000
Ukraine,2005,20489000,17631000,2858000
Ukraine,2006,21714000,18936000,2778000
Ukraine,2007,26162000,23122000,3040000
Ukraine,2008,28827000,25449000,3378000
Ukraine,2009,24033000,20798000,3235000
Ukraine,2010,24114000,21203000,2911000
Ukraine,2011,24535000,21415000,3120000
Ukraine,2012,25061000,23013000,2048000
Ukraine,2013,26025000,24671000,1354000
Ukraine,2014,13227000,12712000,516000
Ukraine,2015,13025000,12428000,597000
Ukraine,2016,13734000,13333000,401000
Ukraine,2017,14579000,14230000,349000
Ukraine,2018,14342000,14104000,238000
Ukraine,2019,13710000,13438000,273000
United Kingdom,1995,23537000,21719000,1818000
United Kingdom,1996,25163000,22936000,2227000
United Kingdom,1997,25515000,23215000,2300000
United Kingdom,1998,25745000,23710000,2035000
United Kingdom,1999,25394000,23341000,2053000
United Kingdom,2000,25209000,23212000,1997000
United Kingdom,2001,22835000,20982000,1853000
United Kingdom,2002,24180000,22307000,1873000
United Kingdom,2003,24715000,22787000,1928000
United Kingdom,2004,27755000,25678000,2077000
United Kingdom,2005,29970000,28039000,1931000
United Kingdom,2006,32713000,30654000,2059000
United Kingdom,2007,32778000,30870000,1908000
United Kingdom,2008,31888000,30142000,1746000
United Kingdom,2009,31072000,29357000,1715000
United Kingdom,2010,30398000,28911000,1487000
United Kingdom,2011,31886000,30384000,1502000
United Kingdom,2012,32221000,30411000,1810000
United Kingdom,2013,33567000,31946000,1621000
United Kingdom,2014,35337000,33604000,1733000
United Kingdom,2015,36792000,35149000,1643000
United Kingdom,2016,39129000,37358000,1771000
United Kingdom,2017,41080000,39543000,1538000
United Kingdom,2018,40283000,38664000,1619000
United Kingdom,2019,40857000,39418000,1439000
United States of America,1995,79732000,43318000,36414000
United States of America,1996,82756000,46489000,36267000
United States of America,1997,82525000,47767000,34758000
United States of America,1998,74767000,46377000,28390000
United States of America,1999,75796000,48689000,27107000
United States of America,2000,78343000,51238000,27105000
United States of America,2001,70975000,46927000,24048000
United States of America,2002,64434000,43581000,20853000
United States of America,2003,62082000,41218000,20864000
United States of America,2004,67606000,46086000,21520000
United States of America,2005,71484000,49206000,22278000
United States of America,2006,183178000,50977000,132201000
United States of America,2007,175299000,56135000,119164000
United States of America,2008,175703000,58007000,117696000
United States of America,2009,160508000,55103000,105405000
United States of America,2010,162275000,60010000,102265000
United States of America,2011,147271416,63477416,83794000
United States of America,2012,171629897,66966897,104663000
United States of America,2013,179309907,71642907,107667000
United States of America,2014,178311354,75379354,102932000
United States of America,2015,176864526,77773526,99091000
United States of America,2016,175261488,76407488,98854000
United States of America,2017,174291746,77186746,97105000
United States of America,2018,169324918,79745918,89579000
United States of America,2019,166009000,79256000,86752000
Uruguay,1995,2177000,2022000,155000
Uruguay,1996,2258000,2152000,106000
Uruguay,1997,2463000,2316000,147000
Uruguay,1998,2324000,2163000,161000
Uruguay,1999,2273000,2073000,200000
Uruguay,2000,2236000,1968000,268000
Uruguay,2001,2136000,1892000,245000
Uruguay,2002,1354000,1258000,95000
Uruguay,2003,1508000,1420000,88000
Uruguay,2004,1871000,1756000,115000
Uruguay,2005,1917000,1808000,109000
Uruguay,2006,1824000,1749000,75000
Uruguay,2007,1815000,1753000,62000
Uruguay,2008,2255000,1938000,317000
Uruguay,2009,2303000,2055000,248000
Uruguay,2010,2708000,2353000,355000
Uruguay,2011,3244000,2857000,387000
Uruguay,2012,3155000,2695000,460000
Uruguay,2013,3242000,2683000,559000
Uruguay,2014,3195000,2682000,513000
Uruguay,2015,3286000,2773000,513000
Uruguay,2016,3632000,3037000,595000
Uruguay,2017,4219000,3674000,545000
Uruguay,2018,3954000,3469000,485000
Uruguay,2019,3480000,3059000,421000
Aruba,1995,912000,619000,293000
Aruba,1996,957000,641000,316000
Aruba,1997,947000,650000,297000
Aruba,1998,906000,647000,259000
Aruba,1999,972000,683000,289000
Aruba,2000,1211000,721000,490000
Aruba,2001,1178000,691000,487000
Aruba,2002,1225000,643000,582000
Aruba,2003,1184000,642000,542000
Aruba,2004,1304000,728000,576000
Aruba,2005,1286000,733000,553000
Aruba,2006,1285000,694000,591000
Aruba,2007,1254000,772000,482000
Aruba,2008,1383000,827000,556000
Aruba,2009,1420000,813000,607000
Aruba,2010,1394000,824000,570000
Aruba,2011,1469000,869000,600000
Aruba,2012,1481000,904000,577000
Aruba,2013,1667000,979000,688000
Aruba,2014,1739000,1072000,667000
Aruba,2015,1832000,1225000,607000
Aruba,2016,1758000,1102000,656000
Aruba,2017,1863000,1070500,792400
Aruba,2018,1897000,1082000,815000
Aruba,2019,1951000,1119000,832000
Bahamas ,1995,3239000,1598000,1640000
Bahamas ,1996,3416000,1633000,1785000
Bahamas ,1997,3446000,1618000,1828000
Bahamas ,1998,3348000,1528000,1820000
Bahamas ,1999,3648000,1577000,2071000
Bahamas ,2000,4204000,1544000,2660000
Bahamas ,2001,4183000,1538000,2645000
Bahamas ,2002,4406000,1513000,2893000
Bahamas ,2003,4594000,1505000,3089000
Bahamas ,2004,5004000,1561000,3443000
Bahamas ,2005,4779000,1625000,3154000
Bahamas ,2006,4731000,1613000,3118000
Bahamas ,2007,4601000,1538000,3063000
Bahamas ,2008,4394000,1469000,2925000
Bahamas ,2009,4645000,1336000,3309000
Bahamas ,2010,5255000,1378000,3877000
Bahamas ,2011,5588000,1355000,4233000
Bahamas ,2012,5940000,1431000,4509000
Bahamas ,2013,6151000,1377000,4774000
Bahamas ,2014,6320000,1444000,4876000
Bahamas ,2015,6112000,1496000,4616000
Bahamas ,2016,6265000,1499000,4766000
Bahamas ,2017,6136000,1452000,4684000
Bahamas ,2018,6622000,1632000,4990000
Bahamas ,2019,7250000,1806000,5444000
Bahrain,1995,2311000,1396000,915000
Bahrain,1996,1988000,1201000,787000
Bahrain,1997,2600000,1611000,989000
Bahrain,1998,2898000,1640000,1258000
Bahrain,1999,3280000,2019000,1261000
Bahrain,2000,3869000,2420000,1449000
Bahrain,2001,4388000,2789000,1599000
Bahrain,2002,4831000,3167000,1664000
Bahrain,2003,4844000,2955000,1889000
Bahrain,2004,5667000,3514000,2153000
Bahrain,2005,6313000,3914000,2399000
Bahrain,2006,7289000,4519000,2770000
Bahrain,2007,7833000,4935000,2898000
Bahrain,2008,8631000,0,0
Bahrain,2009,8861000,0,0
Bahrain,2010,11952000,0,0
Bahrain,2011,6732000,0,0
Bahrain,2012,8062000,0,0
Bahrain,2013,9163000,0,0
Bahrain,2014,10452000,0,0
Bahrain,2015,9670000,3964000,5706000
Bahrain,2016,10158000,3990000,6168000
Bahrain,2017,11374000,4373000,7001000
Bahrain,2018,12045000,4367000,7678000
Bahrain,2019,11061000,3849000,7212000
Barbados,1995,927000,442000,485000
Barbados,1996,957000,447000,510000
Barbados,1997,990000,472000,518000
Barbados,1998,1019000,512000,507000
Barbados,1999,947000,515000,433000
Barbados,2000,1078000,545000,533000
Barbados,2001,1035000,507000,528000
Barbados,2002,1021000,498000,523000
Barbados,2003,1090000,531000,559000
Barbados,2004,1273000,552000,721000
Barbados,2005,1111000,548000,563000
Barbados,2006,1102000,563000,539000
Barbados,2007,1191000,575000,616000
Barbados,2008,1165000,568000,597000
Barbados,2009,1154000,519000,635000
Barbados,2010,1197000,532000,665000
Barbados,2011,1187000,568000,619000
Barbados,2012,1053000,536000,517000
Barbados,2013,1079000,509000,570000
Barbados,2014,1079000,521000,558000
Barbados,2015,1179000,592000,587000
Barbados,2016,1227000,632000,595000
Barbados,2017,1345000,664000,681000
Barbados,2018,1356000,680000,676000
Barbados,2019,966000,523000,443000
Bulgaria,1995,8005000,3466000,4539000
Bulgaria,1996,6811000,2795000,4016000
Bulgaria,1997,7543000,2980000,4563000
Bulgaria,1998,5240000,2667000,2573000
Bulgaria,1999,5056000,2472000,2584000
Bulgaria,2000,4922000,2785000,2137000
Bulgaria,2001,5104000,3186000,1918000
Bulgaria,2002,5563000,3433000,2130000
Bulgaria,2003,6241000,4048000,2193000
Bulgaria,2004,6982000,4630000,2352000
Bulgaria,2005,7282000,4837000,2445000
Bulgaria,2006,7499000,5158000,2341000
Bulgaria,2007,7726000,5151000,2574000
Bulgaria,2008,8533000,5780000,2753000
Bulgaria,2009,7873000,5739000,2134000
Bulgaria,2010,8374000,6047000,2327000
Bulgaria,2011,8713000,6328000,2385000
Bulgaria,2012,8867000,6541000,2326000
Bulgaria,2013,9192000,6898000,2294000
Bulgaria,2014,9409000,7311000,2098000
Bulgaria,2015,9317000,7099000,2218000
Bulgaria,2016,10604000,8252000,2352000
Bulgaria,2017,11596000,8883000,2713000
Bulgaria,2018,12368000,9273000,3095000
Bulgaria,2019,12552000,9312000,3240000
Canada,1995,41657000,16932000,24725000
Canada,1996,43256000,17286000,25971000
Canada,1997,45076000,17669000,27407000
Canada,1998,48064000,18870000,29194000
Canada,1999,49055000,19411000,29644000
Canada,2000,48638000,19627000,29011000
Canada,2001,47147000,19679000,27468000
Canada,2002,44896000,20057000,24839000
Canada,2003,38903000,17534000,21369000
Canada,2004,38845000,19145000,19700000
Canada,2005,36160000,18771000,17389000
Canada,2006,33390000,18265000,15125000
Canada,2007,30373000,17935000,12438000
Canada,2008,27370000,17142000,10228000
Canada,2009,24696000,15737000,8959000
Canada,2010,25621000,16219000,9402000
Canada,2011,25066000,16014000,9052000
Canada,2012,25318000,16344000,8974000
Canada,2013,25167000,16059000,9108000
Canada,2014,25558000,16537000,9021000
Canada,2015,27555000,17971000,9584000
Canada,2016,30142000,19971000,10171000
Canada,2017,31081000,20883000,10198000
Canada,2018,31274000,21134000,10140000
Canada,2019,32430000,22145000,10284000
Cayman Islands,1995,1044000,361000,683000
Cayman Islands,1996,1173000,373000,800000
Cayman Islands,1997,1248000,381000,867000
Cayman Islands,1998,1275000,404000,871000
Cayman Islands,1999,1431000,395000,1036000
Cayman Islands,2000,1385000,354000,1031000
Cayman Islands,2001,1549000,334000,1215000
Cayman Islands,2002,1878000,303000,1575000
Cayman Islands,2003,2113000,294000,1819000
Cayman Islands,2004,1953000,260000,1693000
Cayman Islands,2005,1967000,168000,1799000
Cayman Islands,2006,2197000,267000,1930000
Cayman Islands,2007,2008000,292000,1716000
Cayman Islands,2008,1856000,303000,1553000
Cayman Islands,2009,1792000,272000,1520000
Cayman Islands,2010,1886000,288000,1598000
Cayman Islands,2011,1710000,309000,1401000
Cayman Islands,2012,1829000,322000,1507000
Cayman Islands,2013,1721000,345000,1376000
Cayman Islands,2014,1993000,383000,1610000
Cayman Islands,2015,2102000,385000,1717000
Cayman Islands,2016,2097000,385000,1712000
Cayman Islands,2017,2147000,418000,1728000
Cayman Islands,2018,2384000,463000,1921000
Cayman Islands,2019,2334000,503000,1831000
Colombia,1995,1433000,1399000,34000
Colombia,1996,751000,631000,120000
Colombia,1997,758000,639000,119000
Colombia,1998,823000,674000,149000
Colombia,1999,725000,546000,179000
Colombia,2000,707000,557000,150000
Colombia,2001,788000,616000,172000
Colombia,2002,661000,567000,94000
Colombia,2003,668000,625000,43000
Colombia,2004,840000,791000,49000
Colombia,2005,981000,933000,48000
Colombia,2006,2096000,2045000,51000
Colombia,2007,2381000,2254000,127000
Colombia,2008,2545000,2317000,228000
Colombia,2009,2649000,2364000,285000
Colombia,2010,1701000,1405000,296000
Colombia,2011,2356000,2043000,313000
Colombia,2012,2434000,2180000,254000
Colombia,2013,2595000,2288000,307000
Colombia,2014,2866000,2552000,314000
Colombia,2015,3371000,3099000,272000
Colombia,2016,3675000,3370000,306000
Colombia,2017,4056000,3712000,345000
Colombia,2018,4398000,4020000,378000
Colombia,2019,4529000,4167000,362000
Costa Rica,1995,924000,785000,139000
Costa Rica,1996,940000,781000,159000
Costa Rica,1997,1013000,811000,201000
Costa Rica,1998,1167000,943000,224000
Costa Rica,1999,1267000,1032000,235000
Costa Rica,2000,1278000,1088000,190000
Costa Rica,2001,1320000,1131000,189000
Costa Rica,2002,1335000,1113000,222000
Costa Rica,2003,1514000,1239000,275000
Costa Rica,2004,1771000,1453000,318000
Costa Rica,2005,1959000,1679000,280000
Costa Rica,2006,2071000,1725000,346000
Costa Rica,2007,2302000,1980000,322000
Costa Rica,2008,2409000,2089000,320000
Costa Rica,2009,2309000,1923000,386000
Costa Rica,2010,2495000,2100000,395000
Costa Rica,2011,2526000,2192000,334000
Costa Rica,2012,2542000,2343000,199000
Costa Rica,2013,2641000,2428000,213000
Costa Rica,2014,2760000,2527000,233000
Costa Rica,2015,2899000,2660000,239000
Costa Rica,2016,3204000,2925000,279000
Costa Rica,2017,3231000,2960000,271000
Costa Rica,2018,3313000,3017000,296000
Costa Rica,2019,3366000,3139000,227000
